{"g1_to_wl_subtractive": [-0.0002230835922767578, 0.4641384057951748, 1560.0338843401069], "wl_to_g1_subtractive": [0.0002581604767573366, 0.6449655460704403, -1759.6691838818356]}