{"l2_to_wl": [-2.2708835189373949e-07, 0.037582857427499214, 802.2659352719694], "wl_to_l2": [0.004227969608796377, 19.828652819285516, -18629.036601691463]}