{"g1_to_wl_subtractive": [-3.1765697792692645e-06, -0.12445629412189636, 668.6216411197472], "wl_to_g1_subtractive": [-0.0019261737599184279, -5.426662550423504, 4488.351618654962]}