{"initial": {"wl_to_l1": [{"r2": 0.9999947339946745, "rmse": 10.951069206147656, "mae": 8.544916905987016, "res_std": 10.951069206147658}, [-0.012825510149922094, -42.32337089304468, 42241.43336683476]], "l1_to_wl": [{"r2": 0.9999945733901173, "rmse": 0.17601916549495322, "mae": 0.13951651716260788, "res_std": 0.17601916549495322}, [-5.0944132997673725e-08, -0.015908133940084276, 802.7653861488674]], "wl_to_triax_steps": [{"r2": 0.9999945330306588, "rmse": 69.8415372298864, "mae": 58.77066317530504, "res_std": 69.8415372298864}, [0.10804683994803718, 331.8588098129754, 43950.89354704326]], "triax_steps_to_wl": [{"r2": 0.9999947863468487, "rmse": 0.13300359446561832, "mae": 0.11235640299031123, "res_std": 0.13300359446561835}, [-8.032233265071597e-10, 0.002589893546654974, -65.392713732836]]}, "subtractive": {"wl_to_l1": [{"r2": 0.9999999868644137, "rmse": 0.33242615038315987, "mae": 0.32533416579462937, "res_std": 0.33242615038315987}, [-0.012429721416988976, -42.919703368979356, 42464.268750332994]], "l1_to_wl": [{"r2": 1.0, "rmse": 3.4420399448407485e-13, "mae": 2.8421709430404007e-13, "res_std": 3.3947785723226154e-13}, [-5.094413299761026e-08, -0.01590813394008441, 802.765386148867]], "wl_to_l2": [{"r2": 0.9999999366873095, "rmse": 0.308216918704221, "mae": 0.2857086625657151, "res_std": 0.308216918704221}, [0.0040719184056222345, 19.983310642116983, -18650.168599886685]], "l2_to_wl": [{"r2": 0.9999999497729424, "rmse": 0.010395978379752558, "mae": 0.00936812022725538, "res_std": 0.01039597837975256}, [-2.2147137043980434e-07, 0.03771850095669976, 802.171697593945]], "wl_to_g1_subtractive": [{"r2": 0.9997792369808817, "rmse": 0.7032875742031716, "mae": 0.6013966308894775, "res_std": 0.7032875742031716}, [0.000302210812141048, 0.5435255555202994, -1714.0756142367277]], "g1_to_wl_subtractive": [{"r2": 0.9997871989537068, "rmse": 0.6766800588501309, "mae": 0.5813046134667843, "res_std": 0.6766800588501308}, [-0.0002913784864997718, 0.3410942130308784, 1513.9427204334313]], "wl_to_g2_subtractive": [{"r2": 0.9991837872300066, "rmse": 1.3147805735324147, "mae": 0.9683670698840388, "res_std": 1.3147805735324147}, [-0.0002289986432551257, -0.630437096944523, -454.5461810966622]], "g2_to_wl_subtractive": [{"r2": 0.9992160866187749, "rmse": 1.2987648845355464, "mae": 0.9583277983078915, "res_std": 1.2987648845355464}, [-0.00027064115748943476, -1.6003716815229083, -638.339385889811]]}, "additive": {"wl_to_g1_additive": [{"r2": 0.9997792369808817, "rmse": 0.7032875742031716, "mae": 0.6013966308894775, "res_std": 0.7032875742031716}, [0.000302210812141048, 0.5435255555202994, -1714.0756142367277]], "g1_to_wl_additive": [{"r2": 0.9997871989537068, "rmse": 0.6766800588501309, "mae": 0.5813046134667843, "res_std": 0.6766800588501308}, [-0.0002913784864997718, 0.3410942130308784, 1513.9427204334313]], "wl_to_g2_additive": [{"r2": 0.9991837872300066, "rmse": 1.3147805735324147, "mae": 0.9683670698840388, "res_std": 1.3147805735324147}, [-0.0002289986432551257, -0.630437096944523, -454.5461810966622]], "g2_to_wl_additive": [{"r2": 0.9992160866187749, "rmse": 1.2987648845355464, "mae": 0.9583277983078915, "res_std": 1.2987648845355464}, [-0.00027064115748943476, -1.6003716815229083, -638.339385889811]]}}