{"wl_to_triax_steps": [0.10804683994803718, 331.8588098129754, 43950.89354704326], "triax_steps_to_wl": [-8.032233265071597e-10, 0.002589893546654974, -65.392713732836], "wl_to_l1": [-0.012429721416988976, -42.919703368979356, 42464.268750332994], "l1_to_wl": [-5.094413299761026e-08, -0.01590813394008441, 802.765386148867], "wl_to_l2": [0.0040719184056222345, 19.983310642116983, -18650.168599886685], "l2_to_wl": [-2.2147137043980434e-07, 0.03771850095669976, 802.171697593945], "wl_to_g1_subtractive": [0.000302210812141048, 0.5435255555202994, -1714.0756142367277], "g1_to_wl_subtractive": [-0.0002913784864997718, 0.3410942130308784, 1513.9427204334313], "wl_to_g2_subtractive": [-0.0002289986432551257, -0.630437096944523, -454.5461810966622], "g2_to_wl_subtractive": [-0.00027064115748943476, -1.6003716815229083, -638.339385889811], "wl_to_g1_additive": [0.000302210812141048, 0.5435255555202994, -1714.0756142367277], "g1_to_wl_additive": [-0.0002913784864997718, 0.3410942130308784, 1513.9427204334313], "wl_to_g2_additive": [-0.0002289986432551257, -0.630437096944523, -454.5461810966622], "g2_to_wl_additive": [-0.00027064115748943476, -1.6003716815229083, -638.339385889811]}