{"wl_to_g1": [-0.0007579708606082211, -7.619129174195813, 6595.570193665638], "g1_to_wl": [-1.099406726655446e-06, -0.11318039277675755, 801.7162874045997], "wl_to_g2": [0.0007579708606082211, 7.619129174195813, -6595.570193665638], "g2_to_wl": [-1.1016574380186256e-06, 0.1131951887309944, 801.7169685057447], "wl_to_g3": [0.00018949271515205529, 1.9047822935489533, -1648.8925484164095], "g3_to_wl": [-1.762651900829801e-05, 0.4527807549239776, 801.7169685057447], "wl_to_g4": [-0.00018949271515205529, -1.9047822935489533, 1648.8925484164095], "g4_to_wl": [-1.762651900829801e-05, -0.4527807549239776, 801.7169685057447]}