{"wl_to_g1": [-0.0017898366133691436, -5.9677079114602485, 5935.572871555844], "g1_to_wl": [-2.604034535717019e-06, -0.11318135357057857, 801.8017843786994]}