{"wl_to_g1": [-0.0017898366133691436, -5.9677079114602485, 5935.572871555844], "g1_to_wl": [-2.604034535717019e-06, -0.11318135357057857, 801.8017843786994], "wl_to_g2": [0.0017898366133691436, 5.9677079114602485, -5935.572871555844], "g2_to_wl": [-2.605922310804464e-06, 0.11318439052606857, 801.8021914310315]}