{"wl_to_g1": [-0.0007579708606082211, -7.619129174195813, 6595.570193665638], "g1_to_wl": [-1.099406726655446e-06, -0.11318039277675755, 801.7162874045997]}