{"wl_to_g2": [0.0007579708606082211, 7.619129174195813, -6595.570193665638], "g2_to_wl": [-1.1016574380186256e-06, 0.1131951887309944, 801.7169685057447]}