{"g2_to_wl_subtractive": [-2.604034535717019e-06, -0.11318135357057857, 801.8017843786994], "wl_to_g2_subtractive": [-0.0017898366133691436, -5.9677079114602485, 5935.572871555844]}