{"wl_to_g1": [-0.0017898366133691436, -5.9677079114602485, 5935.572871555844], "g1_to_wl": [-2.604034535717019e-06, -0.11318135357057857, 801.8017843786994], "wl_to_g2": [0.0017898366133691436, 5.9677079114602485, -5935.572871555844], "g2_to_wl": [-2.605922310804464e-06, 0.11318439052606857, 801.8021914310315], "wl_to_g3": [0.0004474591533422859, 1.4919269778650621, -1483.893217888961], "g3_to_wl": [-4.169475697287143e-05, 0.4527375621042743, 801.8021914310315]}