{"l2_to_wl": [0.0009079288198526802, -1.2990490338235459, 936.5257274896358], "wl_to_l2": [0.0006042192885579005, -1.8815275068749615, 1232.9632636429124]}