{"wl_to_l3": [0.14745498780094674, -173.9957988913479, 45292.65499498842], "l3_to_wl": [-7.331185730146607e-07, 0.016640623791233773, 792.3035556023349]}