{"wl_to_l1": [-0.012544758927461017, -75.69081107777414, 68627.3391882454], "l1_to_wl": [-1.4295946410174138e-08, -0.010443218481621459, 800.481388010993], "wl_to_l2": [0.0008574500887477128, -2.1281516012791304, 1148.9850815343764], "l2_to_wl": [0.001713177716478701, -1.3148383882281596, 794.165760856539], "wl_to_l3": [-0.1226452619562582, 142.1880223054444, -35504.36088715955], "l3_to_wl": [-7.897141081697309e-07, -0.019947787735722568, 795.1141946042172]}