{"wl_to_l1": [0.01131756664577997, 77.83433543839304, -69554.08452462564], "l1_to_wl": [-1.275470395161371e-08, 0.010422833363666463, 800.4505555566967], "wl_to_l2": [0.0008574500887477128, -2.1281516012791304, 1148.9850815343764], "l2_to_wl": [0.001713177716478701, -1.3148383882281596, 794.165760856539], "wl_to_l3": [0.1226452619562582, -142.1880223054444, 35504.36088715955], "l3_to_wl": [-7.897141081697309e-07, 0.019947787735722568, 795.1141946042172], "wl_to_g1": [-0.0022247081703865284, 5.539309337283675, -3008.148832218102], "g1_to_wl": [0.00023620496755421316, 0.5038307451331292, 800.2600000000001], "wl_to_g2": [0.0022247081703865284, -5.539309337283675, 3008.148832218102], "g2_to_wl": [0.00023620496755421316, -0.5038307451331292, 800.2600000000001], "wl_to_g3": [0.008898832681546114, -22.1572373491347, 12032.595328872409], "g3_to_wl": [1.4762810472138322e-05, -0.1259576862832823, 800.2600000000001], "wl_to_g4": [-0.008898832681546114, 22.1572373491347, -12032.595328872409], "g4_to_wl": [1.4762810472138322e-05, 0.1259576862832823, 800.2600000000001], "wl_to_triax": [ 1.08046840e-01, 3.31858810e+02, -1.95090106e+05], "triax_to_wl": [-8.39676470e-10, 2.21808921e-03, 5.06821580e+02]}