{"wl_to_pixel": [25.79657093319642, -18377.339673276816], "pixel_to_wl": [0.03876423394516125, 712.3963178316953]}