{
    "autocal_g1_autocal.json": {
        "wl_to_g1": [
            -0.00018949271515210196,
            -1.9047822935489098,
            1648.8925484164042
        ],
        "g1_to_wl": [
            -1.760314594904698e-05,
            -0.45281192372538026,
            801.7170050696739
        ]
    },
    "autocal_g2_autocal.json": {
        "wl_to_g2": [
            0.00018949271515210196,
            1.9047822935489098,
            -1648.8925484164042
        ],
        "g2_to_wl": [
            -1.760314594904698e-05,
            0.45281192372538026,
            801.7170050696739
        ]
    },
    "autocal_l2_autocal.json": {
        "wl_to_l2": [
            0.002223491167815103,
            -4.040472816871869,
            1964.4980156399415
        ],
        "l2_to_wl": [
            0.013956644715296637,
            -6.452303116443095,
            1466.124611420408
        ]
    },
    "autocal_l3_autocal.json": {
        "wl_to_l3": [
            0.14745498780094674,
            -173.9957988913479,
            45292.65499498842
        ],
        "l3_to_wl": [
            -7.331185730146607e-07,
            0.016640623791233773,
            792.3035556023349
        ]
    },
    "calibrations_main.json": {
        "wl_to_l1": [
            0.01131756664577997,
            77.83433543839304,
            -69554.08452462564
        ],
        "l1_to_wl": [
            -1.275470395161371e-08,
            0.010422833363666463,
            800.4505555566967
        ]
    },
    "monochromator_calibrations.json": {
        "wl_to_g3": [
            2.447118513478209e-05,
            0.42032138840663413,
            -357.4553811585971
        ],
        "g3_to_wl": [
            -0.0002522667023932839,
            2.173677735661793,
            812.0427540357872
        ],
        "wl_to_g4": [
            -2.447118513478209e-05,
            -0.42032138840663413,
            357.4553811585971
        ],
        "g4_to_wl": [
            -0.0002522667023932839,
            -2.173677735661793,
            812.0427540357872
        ]
    },
    "triax_calibrations.json": {
        "wl_to_triax": [
            0.010777978279028598,
            92.69332901444886,
            61076.16845962654
        ],
        "triax_to_wl": [
            -8.026232216455772e-09,
            0.01137805328996698,
            -655.0173228396759
        ]
    },
    "camera_calibrations.json": {
        "wl_to_pixel": [
            25.79657093319642,
            -18377.339673276816
        ], 
        "pixel_to_wl": [
            0.03876423394516125, 
            712.3963178316953
        ]
    }
}