{"wl_to_g3": [9.788474053908325e-05, 1.6812855536265812, -1429.8215246343955], "g3_to_wl": [-1.5723839778564896e-05, 0.5433730417633214, 812.0403063418613], "wl_to_g4": [-9.788474053908325e-05, -1.6812855536265812, 1429.8215246343955], "g4_to_wl": [-1.5723839778564896e-05, -0.5433730417633214, 812.0403063418613]}