{"wl_to_triax": [0.010777978279028598, 92.69332901444886, 61076.16845962654], "triax_to_wl": [-8.026232216455772e-09, 0.01137805328996698, -655.0173228396759]}