{
    "autocal_g1_autocal.json": {
        "wl_to_g1": [
            -0.0003789854303042039,
            -3.8095645870978196,
            3297.7850968328084
        ],
        "g1_to_wl": [
            -4.400786487261745e-06,
            -0.22640596186269013,
            801.7170050696739
        ]
    },
    "autocal_g2_autocal.json": {
        "wl_to_g2": [
            0.0003789854303042039,
            3.8095645870978196,
            -3297.7850968328084
        ],
        "g2_to_wl": [
            -4.400786487261745e-06,
            0.22640596186269013,
            801.7170050696739
        ]
    },
    "autocal_l2_autocal.json": {
        "wl_to_l2": [
            0.002223491167815103,
            -4.040472816871869,
            1964.4980156399415
        ]
    },
    "autocal_l3_autocal.json": {
        "wl_to_l3": [
            0.14745498780094674,
            -173.9957988913479,
            45292.65499498842
        ]
    },
    "calibrations_main.json": {
        "wl_to_l1": [
            0.01131756664577997,
            77.83433543839304,
            -69554.08452462564
        ],
        "wl_to_l2": [
            0.0008574500887477128,
            -2.1281516012791304,
            1148.9850815343764
        ],
        "wl_to_l3": [
            54.32528693379093,
            -41887.991912755904
        ]
    },
    "monochromator_calibrations.json": {
        "wl_to_g3": [
            4.894237026956418e-05,
            0.8406427768132683,
            -714.9107623171942
        ],
        "g3_to_wl": [
            -6.306667559832098e-05,
            1.0868388678308964,
            812.0427540357872
        ],
        "wl_to_g4": [
            -4.894237026956418e-05,
            -0.8406427768132683,
            714.9107623171942
        ],
        "g4_to_wl": [
            -6.306667559832098e-05,
            -1.0868388678308964,
            812.0427540357872
        ]
    },
    "triax_calibrations.json": {
        "wl_to_triax": [
            0.010777978279028598,
            92.69332901444886,
            61076.16845962654
        ]
    }
}