{"l2_to_wl": [-2.1030291101493128e-07, 0.0374407750658048, 802.2216882609882], "wl_to_l2": [0.003984475244976972, 20.3210525604677, -18866.202931068106]}