{"g2_to_wl_subtractive": [-2.435467220324717e-06, 0.11065507910586332, 914.5479901527224], "wl_to_g2_subtractive": [0.0015539791456076306, 6.1663123865059335, -6940.187112732861]}