{"wl_to_triax_steps": [0.10804683994803718, 331.8588098129754, 43950.89354704326], "triax_steps_to_wl": [-8.032233265071597e-10, 0.002589893546654974, -65.392713732836], "wl_to_l1": [-0.012429721416988976, -42.919703368979356, 42464.268750332994], "l1_to_wl": [-5.094413299761026e-08, -0.01590813394008441, 802.765386148867], "wl_to_l2": [0.0040719184056222345, 19.983310642116983, -18650.168599886685], "l2_to_wl": [-2.2147137043980434e-07, 0.03771850095669976, 802.171697593945], "wl_to_g1": [-0.0031741133404243668, -3.4605647112266045, 3714.0925191207425], "g1_to_wl": [-5.090743278981186e-06, -0.12823025250603942, 666.7695581765299], "wl_to_g2": [0.003171235676822821, 3.3851769742695943, -5843.93478103026], "g2_to_wl": [-5.244897474303436e-06, 0.10668056561537362, 924.4287676277786]}