{"wl_to_triax_steps": [0.10804683994803718, 331.8588098129754, 43950.89354704326], "triax_steps_to_wl": [-5.094413299766325e-08, -0.01590813394008432, 802.7653861488677]}