{
    "wl_to_l2": [
        0.002223491167815103,
        -4.040472816871869,
        1964.4980156399415
    ],
    "l2_to_wl": [
        0.013956644715296637,
        -6.452303116443095,
        1466.124611420408
    ]
}