{
    "wl_to_g1": [
        -0.00018949271515210196,
        -1.9047822935489098,
        1648.8925484164042
    ],
    "g1_to_wl": [
        -1.760314594904698e-05,
        -0.45281192372538026,
        801.7170050696739
    ]
}