{
    "wl_to_g3": [
        2.447118513478209e-05,
        0.42032138840663413,
        -357.4553811585971
    ],
    "g3_to_wl": [
        -0.0002522667023932839,
        2.173677735661793,
        812.0427540357872
    ],
    "wl_to_g4": [
        -2.447118513478209e-05,
        -0.42032138840663413,
        357.4553811585971
    ],
    "g4_to_wl": [
        -0.0002522667023932839,
        -2.173677735661793,
        812.0427540357872
    ]
}