{
    "wl_to_g2": [
        0.0003789854303042039,
        3.8095645870978196,
        -3297.7850968328084
    ],
    "g2_to_wl": [
        -4.400786487261745e-06,
        0.22640596186269013,
        801.7170050696739
    ]
}