{
    "wl_to_l1": [
        0.01131756664577997,
        77.83433543839304,
        -69554.08452462564
    ],
    "wl_to_l2": [
        0.0008574500887477128,
        -2.1281516012791304,
        1148.9850815343764
    ],
    "wl_to_l3": [
        54.32528693379093,
        -41887.991912755904
    ]
}