{
    "wl_to_g3": [
        4.894237026956418e-05,
        0.8406427768132683,
        -714.9107623171942
    ],
    "g3_to_wl": [
        -6.306667559832098e-05,
        1.0868388678308964,
        812.0427540357872
    ],
    "wl_to_g4": [
        -4.894237026956418e-05,
        -0.8406427768132683,
        714.9107623171942
    ],
    "g4_to_wl": [
        -6.306667559832098e-05,
        -1.0868388678308964,
        812.0427540357872
    ]
}