{"wl_to_l1": [0.01131756664577997, 77.83433543839304, -69554.08452462564], "l1_to_wl": [-1.275470395161371e-08, 0.010422833363666463, 800.4505555566967], "wl_to_l2": [0.0008574500887477128, -2.1281516012791304, 1148.9850815343764], "l2_to_wl": [0.001713177716478701, -1.3148383882281596, 794.165760856539], "wl_to_l3": [54.32528693379093, -41887.991912755904], "l3_to_wl": [0.018108007890135013, 771.167739131936], "wl_to_g1": [-0.0022247081703865284, 5.539309337283675, -3008.148832218102], "g1_to_wl": [0.00023620496755421316, 0.5038307451331292, 800.2600000000001], "wl_to_g2": [0.0022247081703865284, -5.539309337283675, 3008.148832218102], "g2_to_wl": [0.00023620496755421316, -0.5038307451331292, 800.2600000000001], "wl_to_g3": [0.008898832681546114, -22.1572373491347, 12032.595328872409], "g3_to_wl": [1.4762810472138322e-05, -0.1259576862832823, 800.2600000000001], "wl_to_g4": [-0.008898832681546114, 22.1572373491347, -12032.595328872409], "g4_to_wl": [1.4762810472138322e-05, 0.1259576862832823, 800.2600000000001]}