{"wl_to_triax_steps": [0.10804683994803718, 331.8588098129754, 43950.89354704326], "triax_steps_to_wl": [-8.032233265071597e-10, 0.002589893546654974, -65.392713732836], "wl_to_l1": [-0.013186836473750425, -41.70675588176, 41979.647251902534], "l1_to_wl": [-5.094413299766325e-08, -0.01590813394008432, 802.7653861488677], "wl_to_l2": [0.0044654441032724625, 19.364118550454624, -18407.332735973865], "l2_to_wl": [-2.314868977807367e-07, 0.03770216648918488, 802.1840388363821], "wl_to_g1_subtractive": [-0.0009778444649250569, 10.78427788132115, -8045.868661818047], "g1_to_wl_subtractive": [1.3007553013008202e-06, 0.10849406547383207, 804.8153790652806], "wl_to_g2_subtractive": [0.00045399528179237823, 8.716640683633587, -7301.506331708929], "g2_to_wl_subtractive": [-7.5643408270325e-07, 0.10538899099813553, 804.2104841321798], "wl_to_g1_additive": [0.0011747434674782707, 7.939799335269599, -7149.070417760812], "g1_to_wl_additive": [-8.338892211413169e-07, 0.10152458844341805, 804.5771241484443], "wl_to_g2_additive": [0.023079240005018726, -45.473382574917395, 8566.991143604224], "g2_to_wl_additive": [4.023690443149823e-05, 0.9297669680984147, 6082.062394487625]}